BRAND,PRODUCT_CATEGORY,IS_CHILD_CATEGORY_TO,OFFER,RETAILER
gillette venus,hair removal,health & wellness,gillette venus ® for pubic hair & skin spend $20,gillette venus
gillette venus,hair removal,health & wellness,gillette venus ® for pubic hair & skin,gillette venus
gillette venus,hair removal,health & wellness,"gillette venus ® for pubic hair & skin, spend $20",gillette venus
burts bees,hair removal,health & wellness,"burt's bees sensitive lotions and creams, select varieties, at walmart",walmart
burts bees,hair removal,health & wellness,"burt's bee's® facial wipes, select varieties, 30 count at walmart",walmart
burts bees,hair removal,health & wellness,"burt's bees® products, select varieties, at walmart",walmart
burts bees,hair removal,health & wellness,"burt's bees® sensitive lotions and creams, select varieties, at walmart",walmart
burts bees,makeup,beauty,"burt's bees sensitive lotions and creams, select varieties, at walmart",walmart
burts bees,makeup,beauty,"burt's bee's® facial wipes, select varieties, 30 count at walmart",walmart
burts bees,makeup,beauty,"burt's bees® products, select varieties, at walmart",walmart
burts bees,makeup,beauty,"burt's bees® sensitive lotions and creams, select varieties, at walmart",walmart
burts bees,skin care,health & wellness,"burt's bees sensitive lotions and creams, select varieties, at walmart",walmart
burts bees,skin care,health & wellness,"burt's bee's® facial wipes, select varieties, 30 count at walmart",walmart
burts bees,skin care,health & wellness,"burt's bees® products, select varieties, at walmart",walmart
burts bees,skin care,health & wellness,"burt's bees® sensitive lotions and creams, select varieties, at walmart",walmart
dove,bath & body,health & wellness,"dove hand wash, select varieties, buy 2 at target",target
dove,bath & body,health & wellness,"dove hand wash, select varieties at target",target
dove,makeup,beauty,"dove hand wash, select varieties, buy 2 at target",target
dove,makeup,beauty,"dove hand wash, select varieties at target",target
dove,deodorant & antiperspirant,health & wellness,"dove hand wash, select varieties, buy 2 at target",target
dove,deodorant & antiperspirant,health & wellness,"dove hand wash, select varieties at target",target
dove,hair care,health & wellness,"dove hand wash, select varieties, buy 2 at target",target
dove,hair care,health & wellness,"dove hand wash, select varieties at target",target
fresh step,bath & body,health & wellness,fresh step® outstretch® cat litter,fresh step
fresh step,bakery,deli & bakery,fresh step® outstretch® cat litter,fresh step
fresh step,makeup,beauty,fresh step® outstretch® cat litter,fresh step
fresh step,medicines & treatments,health & wellness,fresh step® outstretch® cat litter,fresh step
fresh step,cooking & baking,pantry,fresh step® outstretch® cat litter,fresh step
fresh step,hair care,health & wellness,fresh step® outstretch® cat litter,fresh step
sara lee artesano,bakery,deli & bakery,"artesano® buns, buy 2 at walmart®",walmart
sara lee artesano,bread,pantry,"artesano® buns, buy 2 at walmart®",walmart
ball park pop ups,bakery,deli & bakery,"ballpark® buns, buy 2",ballpark
ball park pop ups,bread,pantry,"ballpark® buns, buy 2",ballpark
mcalisters deli,bakery,deli & bakery,"sign up for mcalister's deli rewards, tap for details",mcalisters deli
mcalisters deli,carbonated soft drinks,beverages,"sign up for mcalister's deli rewards, tap for details",mcalisters deli
mcalisters deli,dips & salsa,snacks,"sign up for mcalister's deli rewards, tap for details",mcalisters deli
mcalisters deli,coffee,beverages,"sign up for mcalister's deli rewards, tap for details",mcalisters deli
mcalisters deli,prepared meals,deli & bakery,"sign up for mcalister's deli rewards, tap for details",mcalisters deli
mcalisters deli,candy,snacks,"sign up for mcalister's deli rewards, tap for details",mcalisters deli
mcalisters deli,wine,alcohol,"sign up for mcalister's deli rewards, tap for details",mcalisters deli
mcalisters deli,chips,snacks,"sign up for mcalister's deli rewards, tap for details",mcalisters deli
mcalisters deli,cheese,dairy,"sign up for mcalister's deli rewards, tap for details",mcalisters deli
mcalisters deli,cooking & baking,pantry,"sign up for mcalister's deli rewards, tap for details",mcalisters deli
mcalisters deli,bread,pantry,"sign up for mcalister's deli rewards, tap for details",mcalisters deli
mcalisters deli,fruit juices,beverages,"sign up for mcalister's deli rewards, tap for details",mcalisters deli
mcalisters deli,frozen chicken,frozen meat,"sign up for mcalister's deli rewards, tap for details",mcalisters deli
mcalisters deli,tea,beverages,"sign up for mcalister's deli rewards, tap for details",mcalisters deli
mcalisters deli,leafy salads,deli & bakery,"sign up for mcalister's deli rewards, tap for details",mcalisters deli
mcalisters deli,water,beverages,"sign up for mcalister's deli rewards, tap for details",mcalisters deli
mcalisters deli,fruit & vegetable snacks,snacks,"sign up for mcalister's deli rewards, tap for details",mcalisters deli
mcalisters deli,sauces & marinades,pantry,"sign up for mcalister's deli rewards, tap for details",mcalisters deli
mcalisters deli,cookies,snacks,"sign up for mcalister's deli rewards, tap for details",mcalisters deli
mcalisters deli,frozen meals,frozen,"sign up for mcalister's deli rewards, tap for details",mcalisters deli
mcalisters deli,soup & broth,pantry,"sign up for mcalister's deli rewards, tap for details",mcalisters deli
mcalisters deli,milk,dairy,"sign up for mcalister's deli rewards, tap for details",mcalisters deli
mcalisters deli,packaged fruit & applesauce,pantry,"sign up for mcalister's deli rewards, tap for details",mcalisters deli
mcalisters deli,packaged meals & sides,pantry,"sign up for mcalister's deli rewards, tap for details",mcalisters deli
mcalisters deli,pickled goods,pantry,"sign up for mcalister's deli rewards, tap for details",mcalisters deli
mcalisters deli,dressings,pantry,"sign up for mcalister's deli rewards, tap for details",mcalisters deli
mcalisters deli,pasta & noodles,pantry,"sign up for mcalister's deli rewards, tap for details",mcalisters deli
mcalisters deli,frozen turkey,frozen meat,"sign up for mcalister's deli rewards, tap for details",mcalisters deli
sara lee,bakery,deli & bakery,"sara lee® bread, select varieties, buy 2 at walmart®",walmart
sara lee,bakery,deli & bakery,"sara lee® bread select varieties, buy 2",walmart
sara lee,bakery,deli & bakery,"sara lee® delightful bread, buy 2",sara lee
sara lee,cheese,dairy,"sara lee® bread, select varieties, buy 2 at walmart®",walmart
sara lee,cheese,dairy,"sara lee® bread select varieties, buy 2",walmart
sara lee,cheese,dairy,"sara lee® delightful bread, buy 2",sara lee
sara lee,bread,pantry,"sara lee® bread, select varieties, buy 2 at walmart®",walmart
sara lee,bread,pantry,"sara lee® bread select varieties, buy 2",walmart
sara lee,bread,pantry,"sara lee® delightful bread, buy 2",sara lee
sara lee,frozen desserts,frozen,"sara lee® bread, select varieties, buy 2 at walmart®",walmart
sara lee,frozen desserts,frozen,"sara lee® bread select varieties, buy 2",walmart
sara lee,frozen desserts,frozen,"sara lee® delightful bread, buy 2",sara lee
sara lee,"cereal, granola, & toaster pastries",pantry,"sara lee® bread, select varieties, buy 2 at walmart®",walmart
sara lee,"cereal, granola, & toaster pastries",pantry,"sara lee® bread select varieties, buy 2",walmart
sara lee,"cereal, granola, & toaster pastries",pantry,"sara lee® delightful bread, buy 2",sara lee
alfaros,bakery,deli & bakery,"sara lee® or alfaros® artesano bread, buy 5",sara lee
alfaros,bakery,deli & bakery,"sara lee® or alfaros® artesano bread, spend $8",sara lee
alfaros,bakery,deli & bakery,"sara lee® or alfaros® artesano bread, buy 2",sara lee
alfaros,bakery,deli & bakery,"sara lee® or alfaros® artesano bread, spend $20",sara lee
alfaros,bread,pantry,"sara lee® or alfaros® artesano bread, buy 5",sara lee
alfaros,bread,pantry,"sara lee® or alfaros® artesano bread, spend $8",sara lee
alfaros,bread,pantry,"sara lee® or alfaros® artesano bread, buy 2",sara lee
alfaros,bread,pantry,"sara lee® or alfaros® artesano bread, spend $20",sara lee
brownie brittle,bakery,deli & bakery,"brownie brittle® snacks, select varieties, buy 2",brownie brittle
brownie brittle,cookies,snacks,"brownie brittle® snacks, select varieties, buy 2",brownie brittle
bimbo,bakery,deli & bakery,"bimbo® sweet baked goods, buy 2",bimbo
bimbo,snack cakes,snacks,"bimbo® sweet baked goods, buy 2",bimbo
bimbo,bread,pantry,"bimbo® sweet baked goods, buy 2",bimbo
bimbo,cookies,snacks,"bimbo® sweet baked goods, buy 2",bimbo
entenmanns,bakery,deli & bakery,little bites® spend $10 at walmart®,walmart
entenmanns,snack cakes,snacks,little bites® spend $10 at walmart®,walmart
entenmanns,wine,alcohol,little bites® spend $10 at walmart®,walmart
entenmanns,cookies,snacks,little bites® spend $10 at walmart®,walmart
thomas,bakery,deli & bakery,"thomas'® bagel thins®, buy 2",thomas
thomas,bakery,deli & bakery,"thomas'®, select varieties, spend $10",thomas
thomas,bakery,deli & bakery,thomas'® bagel thins,thomas
thomas,frozen breakfast,frozen,"thomas'® bagel thins®, buy 2",thomas
thomas,frozen breakfast,frozen,"thomas'®, select varieties, spend $10",thomas
thomas,frozen breakfast,frozen,thomas'® bagel thins,thomas
thomas,bread,pantry,"thomas'® bagel thins®, buy 2",thomas
thomas,bread,pantry,"thomas'®, select varieties, spend $10",thomas
thomas,bread,pantry,thomas'® bagel thins,thomas
arnold brownberry oroweat,bakery,deli & bakery,"arnold, brownberry, oroweat® small slice bread, at walmart",walmart
arnold brownberry oroweat,bakery,deli & bakery,"arnold, brownberry, oroweat® keto bread, buy 2","arnold, brownberry, oroweat"
arnold brownberry oroweat,bakery,deli & bakery,arnold® grains almighty,arnold
arnold brownberry oroweat,prepared meals,deli & bakery,"arnold, brownberry, oroweat® small slice bread, at walmart",walmart
arnold brownberry oroweat,prepared meals,deli & bakery,"arnold, brownberry, oroweat® keto bread, buy 2","arnold, brownberry, oroweat"
arnold brownberry oroweat,prepared meals,deli & bakery,arnold® grains almighty,arnold
arnold brownberry oroweat,bread,pantry,"arnold, brownberry, oroweat® small slice bread, at walmart",walmart
arnold brownberry oroweat,bread,pantry,"arnold, brownberry, oroweat® keto bread, buy 2","arnold, brownberry, oroweat"
arnold brownberry oroweat,bread,pantry,arnold® grains almighty,arnold
dr pepper,carbonated soft drinks,beverages,"dr pepper®, regular or zero sugar strawberries and cream 12 pack, at select retailers",united supermarkets
dr pepper,cooking & baking,pantry,"dr pepper®, regular or zero sugar strawberries and cream 12 pack, at select retailers",united supermarkets
mountain dew,carbonated soft drinks,beverages,"mtn dew® kickstart, 16-ounce 12 count, select varieties, at amazon storefront*",amazon
pepsi,carbonated soft drinks,beverages,"pepsico® beverage, 7.5-ounce 10 pack, select varieties, at amazon storefront*",amazon
pepsi,carbonated soft drinks,beverages,"pepsico® variety pack, select varieties, at amazon storefront*",amazon
starry,carbonated soft drinks,beverages,"starry™ lemon lime soda multipacks, at kroger",dillons grocery
starry,carbonated soft drinks,beverages,"starry™ lemon lime soda, 7.5-ounce 10 pack, at amazon storefront*",amazon
evolve,carbonated soft drinks,beverages,"evolve® plant-based protein shake, 4 count, select varieties, at whole foods",whole foods market
evolve,meal replacement beverages,beverages,"evolve® plant-based protein shake, 4 count, select varieties, at whole foods",whole foods market
evolve,frozen turkey,frozen meat,"evolve® plant-based protein shake, 4 count, select varieties, at whole foods",whole foods market
goya,carbonated soft drinks,beverages,goya® coconut water,goya
goya,carbonated soft drinks,beverages,"goya® adobo seasoning, 8 ounce+",goya
goya,dips & salsa,snacks,goya® coconut water,goya
goya,dips & salsa,snacks,"goya® adobo seasoning, 8 ounce+",goya
goya,cooking & baking,pantry,goya® coconut water,goya
goya,cooking & baking,pantry,"goya® adobo seasoning, 8 ounce+",goya
goya,bread,pantry,goya® coconut water,goya
goya,bread,pantry,"goya® adobo seasoning, 8 ounce+",goya
goya,nut butters & jam,pantry,goya® coconut water,goya
goya,nut butters & jam,pantry,"goya® adobo seasoning, 8 ounce+",goya
goya,fruit juices,beverages,goya® coconut water,goya
goya,fruit juices,beverages,"goya® adobo seasoning, 8 ounce+",goya
goya,dry pasta,pasta & noodles,goya® coconut water,goya
goya,dry pasta,pasta & noodles,"goya® adobo seasoning, 8 ounce+",goya
goya,frozen chicken,frozen meat,goya® coconut water,goya
goya,frozen chicken,frozen meat,"goya® adobo seasoning, 8 ounce+",goya
goya,water,beverages,goya® coconut water,goya
goya,water,beverages,"goya® adobo seasoning, 8 ounce+",goya
goya,malt beverages,alcohol,goya® coconut water,goya
goya,malt beverages,alcohol,"goya® adobo seasoning, 8 ounce+",goya
goya,rice & grains,pantry,goya® coconut water,goya
goya,rice & grains,pantry,"goya® adobo seasoning, 8 ounce+",goya
goya,sauces & marinades,pantry,goya® coconut water,goya
goya,sauces & marinades,pantry,"goya® adobo seasoning, 8 ounce+",goya
goya,packaged vegetables,pantry,goya® coconut water,goya
goya,packaged vegetables,pantry,"goya® adobo seasoning, 8 ounce+",goya
goya,crackers,snacks,goya® coconut water,goya
goya,crackers,snacks,"goya® adobo seasoning, 8 ounce+",goya
goya,packaged meat,pantry,goya® coconut water,goya
goya,packaged meat,pantry,"goya® adobo seasoning, 8 ounce+",goya
goya,cookies,snacks,goya® coconut water,goya
goya,cookies,snacks,"goya® adobo seasoning, 8 ounce+",goya
goya,frozen meals,frozen,goya® coconut water,goya
goya,frozen meals,frozen,"goya® adobo seasoning, 8 ounce+",goya
goya,soup & broth,pantry,goya® coconut water,goya
goya,soup & broth,pantry,"goya® adobo seasoning, 8 ounce+",goya
goya,frozen vegetables,frozen,goya® coconut water,goya
goya,frozen vegetables,frozen,"goya® adobo seasoning, 8 ounce+",goya
goya,drink mixes,beverages,goya® coconut water,goya
goya,drink mixes,beverages,"goya® adobo seasoning, 8 ounce+",goya
goya,milk,dairy,goya® coconut water,goya
goya,milk,dairy,"goya® adobo seasoning, 8 ounce+",goya
goya,frozen fruits,frozen,goya® coconut water,goya
goya,frozen fruits,frozen,"goya® adobo seasoning, 8 ounce+",goya
goya,pickled goods,pantry,goya® coconut water,goya
goya,pickled goods,pantry,"goya® adobo seasoning, 8 ounce+",goya
goya,pasta & noodles,pantry,goya® coconut water,goya
goya,pasta & noodles,pantry,"goya® adobo seasoning, 8 ounce+",goya
goya,pudding & gelatin,snacks,goya® coconut water,goya
goya,pudding & gelatin,snacks,"goya® adobo seasoning, 8 ounce+",goya
goya,packaged seafood,pantry,goya® coconut water,goya
goya,packaged seafood,pantry,"goya® adobo seasoning, 8 ounce+",goya
goya,deli counter,deli & bakery,goya® coconut water,goya
goya,deli counter,deli & bakery,"goya® adobo seasoning, 8 ounce+",goya
goya,frozen seafood,frozen meat,goya® coconut water,goya
goya,frozen seafood,frozen meat,"goya® adobo seasoning, 8 ounce+",goya
goya,frozen appetizers,frozen,goya® coconut water,goya
goya,frozen appetizers,frozen,"goya® adobo seasoning, 8 ounce+",goya
stubborn soda,carbonated soft drinks,beverages,"stubborn soda or bundaberg ginger beer, select varieties, at amazon storefront*",amazon
hidden valley ranch,dips & salsa,snacks,"hidden valley® ranch salad dressing or secret sauce, select varieties",hidden valley
hidden valley ranch,dips & salsa,snacks,"hidden valley® ranch seasoning mix packet, 1 count",hidden valley
hidden valley ranch,dips & salsa,snacks,"hidden valley® ranch seasoning, select varieties",hidden valley
hidden valley ranch,dips & salsa,snacks,hidden valley® ranch seasoning shaker,hidden valley
hidden valley ranch,dips & salsa,snacks,"hidden valley® ranch night seasoning mix, 1 count",hidden valley
hidden valley ranch,cooking & baking,pantry,"hidden valley® ranch salad dressing or secret sauce, select varieties",hidden valley
hidden valley ranch,cooking & baking,pantry,"hidden valley® ranch seasoning mix packet, 1 count",hidden valley
hidden valley ranch,cooking & baking,pantry,"hidden valley® ranch seasoning, select varieties",hidden valley
hidden valley ranch,cooking & baking,pantry,hidden valley® ranch seasoning shaker,hidden valley
hidden valley ranch,cooking & baking,pantry,"hidden valley® ranch night seasoning mix, 1 count",hidden valley
hidden valley ranch,sauces & marinades,pantry,"hidden valley® ranch salad dressing or secret sauce, select varieties",hidden valley
hidden valley ranch,sauces & marinades,pantry,"hidden valley® ranch seasoning mix packet, 1 count",hidden valley
hidden valley ranch,sauces & marinades,pantry,"hidden valley® ranch seasoning, select varieties",hidden valley
hidden valley ranch,sauces & marinades,pantry,hidden valley® ranch seasoning shaker,hidden valley
hidden valley ranch,sauces & marinades,pantry,"hidden valley® ranch night seasoning mix, 1 count",hidden valley
tostitos,dips & salsa,snacks,tostitos® toppers™,tostitos
tostitos,chips,snacks,tostitos® toppers™,tostitos
tostitos,sauces & marinades,pantry,tostitos® toppers™,tostitos
good humor,dips & salsa,snacks,good humor viennetta frozen vanilla cake,good humor
good humor,dips & salsa,snacks,"reese's peanut butter bar, 6 count, at giant or martin’s",the giant co
good humor,dips & salsa,snacks,"reese's peanut butter bar, 6 count, at giant or martin’s",martins foods
good humor,frozen desserts,frozen,good humor viennetta frozen vanilla cake,good humor
good humor,frozen desserts,frozen,"reese's peanut butter bar, 6 count, at giant or martin’s",the giant co
good humor,frozen desserts,frozen,"reese's peanut butter bar, 6 count, at giant or martin’s",martins foods
nature valley,dips & salsa,snacks,nature valley™ protein granola,nature valley
nature valley,candy,snacks,nature valley™ protein granola,nature valley
nature valley,chips,snacks,nature valley™ protein granola,nature valley
nature valley,nut butters & jam,pantry,nature valley™ protein granola,nature valley
nature valley,"cereal, granola, & toaster pastries",pantry,nature valley™ protein granola,nature valley
nature valley,nuts & seeds,snacks,nature valley™ protein granola,nature valley
nature valley,fruit & vegetable snacks,snacks,nature valley™ protein granola,nature valley
nature valley,crackers,snacks,nature valley™ protein granola,nature valley
nature valley,cookies,snacks,nature valley™ protein granola,nature valley
nature valley,trail mix,snacks,nature valley™ protein granola,nature valley
chosen foods,dips & salsa,snacks,"chosen foods® mayo, select varieties",chosen foods
chosen foods,dips & salsa,snacks,chosen foods® dressings,chosen foods
chosen foods,cooking & baking,pantry,"chosen foods® mayo, select varieties",chosen foods
chosen foods,cooking & baking,pantry,chosen foods® dressings,chosen foods
chosen foods,condiments,pantry,"chosen foods® mayo, select varieties",chosen foods
chosen foods,condiments,pantry,chosen foods® dressings,chosen foods
chosen foods,dressings,pantry,"chosen foods® mayo, select varieties",chosen foods
chosen foods,dressings,pantry,chosen foods® dressings,chosen foods
red gold,dips & salsa,snacks,red gold tomato ketchup,red gold
red gold,dips & salsa,snacks,red gold tomato juice,red gold
red gold,cooking & baking,pantry,red gold tomato ketchup,red gold
red gold,cooking & baking,pantry,red gold tomato juice,red gold
red gold,sauces & marinades,pantry,red gold tomato ketchup,red gold
red gold,sauces & marinades,pantry,red gold tomato juice,red gold
red gold,condiments,pantry,red gold tomato ketchup,red gold
red gold,condiments,pantry,red gold tomato juice,red gold
red gold,drink mixes,beverages,red gold tomato ketchup,red gold
red gold,drink mixes,beverages,red gold tomato juice,red gold
glad,household supplies,household supplies,"glad® trash bags, 4 or 8 gallon",glad
glad,household supplies,household supplies,glad® forceflex max strength trash bags,glad
glad,prepared meals,deli & bakery,"glad® trash bags, 4 or 8 gallon",glad
glad,prepared meals,deli & bakery,glad® forceflex max strength trash bags,glad
glad,crackers,snacks,"glad® trash bags, 4 or 8 gallon",glad
glad,crackers,snacks,glad® forceflex max strength trash bags,glad
glad,food storage,household supplies,"glad® trash bags, 4 or 8 gallon",glad
glad,food storage,household supplies,glad® forceflex max strength trash bags,glad
snuggle,household supplies,household supplies,"snuggle® liquid fabric softener, at walmart",walmart
brita,household supplies,household supplies,brita® pitcher and filter,brita
brita,household supplies,household supplies,brita® standard or elite filters,brita
brita,household supplies,household supplies,brita® pitcher or dispenser,brita
brita,water,beverages,brita® pitcher and filter,brita
brita,water,beverages,brita® standard or elite filters,brita
brita,water,beverages,brita® pitcher or dispenser,brita
super coffee,coffee,beverages,"super coffee, 12 ounce single serve, buy 3",super coffee
super coffee,coffee,beverages,"super coffee, 12 ounce single serve",super coffee
cameron's coffee,coffee,beverages,cameron’s coffee ecopods,camerons coffee
bubbies,prepared meals,deli & bakery,"bubbies pickles, sauerkraut, and condiments at whole foods or sprouts",sprouts farmers market
bubbies,prepared meals,deli & bakery,"bubbies pickles, sauerkraut, or condiments at whole foods or sprouts",sprouts farmers market
marinela,snack cakes,snacks,"marinela® sweet baked goods, buy 2",marinela
marinela,candy,snacks,"marinela® sweet baked goods, buy 2",marinela
marinela,cookies,snacks,"marinela® sweet baked goods, buy 2",marinela
m&ms,candy,snacks,"m&m's®, select sizes, buy 1",m&ms
m&ms,candy,snacks,"m&m's® chocolate candies, select varieties",m&ms
snickers,candy,snacks,"snickers®, select sizes, buy 1",snickers
snickers,candy,snacks,"snickers® chocolate candy bar, select varieties",snickers
twix,candy,snacks,"twix®, select sizes",twix
twix,candy,snacks,"twix®, select varieties",twix
twix,cookies,snacks,"twix®, select sizes",twix
twix,cookies,snacks,"twix®, select varieties",twix
skittles,candy,snacks,"skittles®, select varieties",skittles
skittles,candy,snacks,"skittles®, select sizes",skittles
skittles,fruit juices,beverages,"skittles®, select varieties",skittles
skittles,fruit juices,beverages,"skittles®, select sizes",skittles
lifesavers,candy,snacks,life savers®,life savers
lifesavers,candy,snacks,"lifesavers®, any size, buy 1",lifesavers
starburst,candy,snacks,"starburst®, select sizes, buy 1",starburst
starburst,candy,snacks,"starburst®, select varieties",starburst
starburst,fruit & vegetable snacks,snacks,"starburst®, select sizes, buy 1",starburst
starburst,fruit & vegetable snacks,snacks,"starburst®, select varieties",starburst
starburst,gum,candy,"starburst®, select sizes, buy 1",starburst
starburst,gum,candy,"starburst®, select varieties",starburst
dove chocolate,candy,snacks,"dove® chocolate, select sizes, buy 1",dove
dove chocolate,candy,snacks,"dove® chocolate, select varieties",dove
safeway,candy,snacks,shop 2 times at safeway,safeway
safeway,candy,snacks,spend $210 at safeway,safeway
safeway,candy,snacks,any safeway receipt,safeway
safeway,candy,snacks,spend $115 at safeway,safeway
safeway,candy,snacks,spend $90 at safeway,safeway
albertsons,candy,snacks,any albertsons receipt,albertsons
albertsons,candy,snacks,shop 2 times at albertsons,albertsons
albertsons,candy,snacks,spend $65 at albertsons,albertsons
albertsons,candy,snacks,spend $110 at albertsons,albertsons
albertsons,candy,snacks,spend $220 at albertsons,albertsons
crunchmaster,candy,snacks,"crunchmaster® crackers, spend $4",crunchmaster
crunchmaster,crackers,snacks,"crunchmaster® crackers, spend $4",crunchmaster
envy,candy,snacks,envy apples pre-packed bags,envy
envy,candy,snacks,"envy apples, pre-packed bags",envy
envy,sauces & marinades,pantry,envy apples pre-packed bags,envy
envy,sauces & marinades,pantry,"envy apples, pre-packed bags",envy
coors light,makeup,beauty,"molson coors®, select varieties, 12 pack+",molson coors
coors light,beer,alcohol,"molson coors®, select varieties, 12 pack+",molson coors
loreal paris cosmetics,makeup,beauty,"l'oréal paris makeup, spend $35 at target",target
loreal paris cosmetics,makeup,beauty,"l'oréal paris makeup, spend $30 at target",target
loreal paris cosmetics,makeup,beauty,l'oreal paris true match foundation at target,target
loreal paris cosmetics,makeup,beauty,l'oréal paris true match foundation at target,target
dixon,makeup,beauty,"dixon® safety carpenter pencil, 10 count, at lowe’s®",lowes home improvement
dixon,cooking & baking,pantry,"dixon® safety carpenter pencil, 10 count, at lowe’s®",lowes home improvement
andre,wine,alcohol,"andré® california, champagne or sparkling wines, 750ml bottle",andré
alamos,wine,alcohol,"wine from thebarrelroom.com, spend $30",gallo.com
sol cerveza,beer,alcohol,sol® 6 pack+,sol
tgi fridays,spirits,alcohol,spend $60 at tgi friday's,tgi fridays
tgi fridays,spirits,alcohol,spend $35 at tgi friday's,tgi fridays
tgi fridays,spirits,alcohol,spend $45 at tgi friday's,tgi fridays
tgi fridays,spirits,alcohol,spend $25 at tgi friday's,tgi fridays
tgi fridays,malt beverages,alcohol,spend $60 at tgi friday's,tgi fridays
tgi fridays,malt beverages,alcohol,spend $35 at tgi friday's,tgi fridays
tgi fridays,malt beverages,alcohol,spend $45 at tgi friday's,tgi fridays
tgi fridays,malt beverages,alcohol,spend $25 at tgi friday's,tgi fridays
vons,spirits,alcohol,any vons receipt,vons
vons,spirits,alcohol,spend $150 at vons,vons
vons,spirits,alcohol,spend $100 at vons,vons
vons,spirits,alcohol,spend $275 at vons,vons
vons,spirits,alcohol,shop 2 times at vons,vons
barilla,chips,snacks,barilla® pesto sauce,barilla
barilla,chips,snacks,"barilla® pasta, select varieties, buy 2",barilla
barilla,chips,snacks,"barilla® pasta, select varieties, buy 3",barilla
barilla,chips,snacks,"barilla® pasta, select varieties, buy 4",barilla
barilla,chips,snacks,"barilla® pasta, select varieties, buy 2",barilla
barilla,dry pasta,pasta & noodles,barilla® pesto sauce,barilla
barilla,dry pasta,pasta & noodles,"barilla® pasta, select varieties, buy 2",barilla
barilla,dry pasta,pasta & noodles,"barilla® pasta, select varieties, buy 3",barilla
barilla,dry pasta,pasta & noodles,"barilla® pasta, select varieties, buy 4",barilla
barilla,dry pasta,pasta & noodles,"barilla® pasta, select varieties, buy 2",barilla
barilla,red pasta sauce,pasta sauce,barilla® pesto sauce,barilla
barilla,red pasta sauce,pasta sauce,"barilla® pasta, select varieties, buy 2",barilla
barilla,red pasta sauce,pasta sauce,"barilla® pasta, select varieties, buy 3",barilla
barilla,red pasta sauce,pasta sauce,"barilla® pasta, select varieties, buy 4",barilla
barilla,red pasta sauce,pasta sauce,"barilla® pasta, select varieties, buy 2",barilla
barilla,pesto sauce,pasta sauce,barilla® pesto sauce,barilla
barilla,pesto sauce,pasta sauce,"barilla® pasta, select varieties, buy 2",barilla
barilla,pesto sauce,pasta sauce,"barilla® pasta, select varieties, buy 3",barilla
barilla,pesto sauce,pasta sauce,"barilla® pasta, select varieties, buy 4",barilla
barilla,pesto sauce,pasta sauce,"barilla® pasta, select varieties, buy 2",barilla
bugles,chips,snacks,"general mills™ snacks, select brands, spend $10",bugles
natuchips,chips,snacks,natuchips® plantain chips,natuchips
annies homegrown grocery,chips,snacks,"any general mills™ products, buy 2 good rewards members only",annies homegrown grocery
annies homegrown grocery,chips,snacks,"general mills™ products, select brands, spend $35",annies homegrown grocery
annies homegrown grocery,chips,snacks,"general mills™ products, select brands, spend $7 at convenience stores",annies homegrown grocery
annies homegrown grocery,chips,snacks,"general mills™ products, select varieties, spend $12",annies homegrown grocery
annies homegrown grocery,cheese,dairy,"any general mills™ products, buy 2 good rewards members only",annies homegrown grocery
annies homegrown grocery,cheese,dairy,"general mills™ products, select brands, spend $35",annies homegrown grocery
annies homegrown grocery,cheese,dairy,"general mills™ products, select brands, spend $7 at convenience stores",annies homegrown grocery
annies homegrown grocery,cheese,dairy,"general mills™ products, select varieties, spend $12",annies homegrown grocery
annies homegrown grocery,cooking & baking,pantry,"any general mills™ products, buy 2 good rewards members only",annies homegrown grocery
annies homegrown grocery,cooking & baking,pantry,"general mills™ products, select brands, spend $35",annies homegrown grocery
annies homegrown grocery,cooking & baking,pantry,"general mills™ products, select brands, spend $7 at convenience stores",annies homegrown grocery
annies homegrown grocery,cooking & baking,pantry,"general mills™ products, select varieties, spend $12",annies homegrown grocery
annies homegrown grocery,frozen breakfast,frozen,"any general mills™ products, buy 2 good rewards members only",annies homegrown grocery
annies homegrown grocery,frozen breakfast,frozen,"general mills™ products, select brands, spend $35",annies homegrown grocery
annies homegrown grocery,frozen breakfast,frozen,"general mills™ products, select brands, spend $7 at convenience stores",annies homegrown grocery
annies homegrown grocery,frozen breakfast,frozen,"general mills™ products, select varieties, spend $12",annies homegrown grocery
annies homegrown grocery,bread,pantry,"any general mills™ products, buy 2 good rewards members only",annies homegrown grocery
annies homegrown grocery,bread,pantry,"general mills™ products, select brands, spend $35",annies homegrown grocery
annies homegrown grocery,bread,pantry,"general mills™ products, select brands, spend $7 at convenience stores",annies homegrown grocery
annies homegrown grocery,bread,pantry,"general mills™ products, select varieties, spend $12",annies homegrown grocery
annies homegrown grocery,"cereal, granola, & toaster pastries",pantry,"any general mills™ products, buy 2 good rewards members only",annies homegrown grocery
annies homegrown grocery,"cereal, granola, & toaster pastries",pantry,"general mills™ products, select brands, spend $35",annies homegrown grocery
annies homegrown grocery,"cereal, granola, & toaster pastries",pantry,"general mills™ products, select brands, spend $7 at convenience stores",annies homegrown grocery
annies homegrown grocery,"cereal, granola, & toaster pastries",pantry,"general mills™ products, select varieties, spend $12",annies homegrown grocery
annies homegrown grocery,fruit & vegetable snacks,snacks,"any general mills™ products, buy 2 good rewards members only",annies homegrown grocery
annies homegrown grocery,fruit & vegetable snacks,snacks,"general mills™ products, select brands, spend $35",annies homegrown grocery
annies homegrown grocery,fruit & vegetable snacks,snacks,"general mills™ products, select brands, spend $7 at convenience stores",annies homegrown grocery
annies homegrown grocery,fruit & vegetable snacks,snacks,"general mills™ products, select varieties, spend $12",annies homegrown grocery
annies homegrown grocery,refrigerated doughs,dairy,"any general mills™ products, buy 2 good rewards members only",annies homegrown grocery
annies homegrown grocery,refrigerated doughs,dairy,"general mills™ products, select brands, spend $35",annies homegrown grocery
annies homegrown grocery,refrigerated doughs,dairy,"general mills™ products, select brands, spend $7 at convenience stores",annies homegrown grocery
annies homegrown grocery,refrigerated doughs,dairy,"general mills™ products, select varieties, spend $12",annies homegrown grocery
annies homegrown grocery,packaged vegetables,pantry,"any general mills™ products, buy 2 good rewards members only",annies homegrown grocery
annies homegrown grocery,packaged vegetables,pantry,"general mills™ products, select brands, spend $35",annies homegrown grocery
annies homegrown grocery,packaged vegetables,pantry,"general mills™ products, select brands, spend $7 at convenience stores",annies homegrown grocery
annies homegrown grocery,packaged vegetables,pantry,"general mills™ products, select varieties, spend $12",annies homegrown grocery
annies homegrown grocery,crackers,snacks,"any general mills™ products, buy 2 good rewards members only",annies homegrown grocery
annies homegrown grocery,crackers,snacks,"general mills™ products, select brands, spend $35",annies homegrown grocery
annies homegrown grocery,crackers,snacks,"general mills™ products, select brands, spend $7 at convenience stores",annies homegrown grocery
annies homegrown grocery,crackers,snacks,"general mills™ products, select varieties, spend $12",annies homegrown grocery
annies homegrown grocery,frozen pizza & pizza snacks,frozen,"any general mills™ products, buy 2 good rewards members only",annies homegrown grocery
annies homegrown grocery,frozen pizza & pizza snacks,frozen,"general mills™ products, select brands, spend $35",annies homegrown grocery
annies homegrown grocery,frozen pizza & pizza snacks,frozen,"general mills™ products, select brands, spend $7 at convenience stores",annies homegrown grocery
annies homegrown grocery,frozen pizza & pizza snacks,frozen,"general mills™ products, select varieties, spend $12",annies homegrown grocery
annies homegrown grocery,cookies,snacks,"any general mills™ products, buy 2 good rewards members only",annies homegrown grocery
annies homegrown grocery,cookies,snacks,"general mills™ products, select brands, spend $35",annies homegrown grocery
annies homegrown grocery,cookies,snacks,"general mills™ products, select brands, spend $7 at convenience stores",annies homegrown grocery
annies homegrown grocery,cookies,snacks,"general mills™ products, select varieties, spend $12",annies homegrown grocery
annies homegrown grocery,frozen meals,frozen,"any general mills™ products, buy 2 good rewards members only",annies homegrown grocery
annies homegrown grocery,frozen meals,frozen,"general mills™ products, select brands, spend $35",annies homegrown grocery
annies homegrown grocery,frozen meals,frozen,"general mills™ products, select brands, spend $7 at convenience stores",annies homegrown grocery
annies homegrown grocery,frozen meals,frozen,"general mills™ products, select varieties, spend $12",annies homegrown grocery
annies homegrown grocery,soup & broth,pantry,"any general mills™ products, buy 2 good rewards members only",annies homegrown grocery
annies homegrown grocery,soup & broth,pantry,"general mills™ products, select brands, spend $35",annies homegrown grocery
annies homegrown grocery,soup & broth,pantry,"general mills™ products, select brands, spend $7 at convenience stores",annies homegrown grocery
annies homegrown grocery,soup & broth,pantry,"general mills™ products, select varieties, spend $12",annies homegrown grocery
annies homegrown grocery,dressings,pantry,"any general mills™ products, buy 2 good rewards members only",annies homegrown grocery
annies homegrown grocery,dressings,pantry,"general mills™ products, select brands, spend $35",annies homegrown grocery
annies homegrown grocery,dressings,pantry,"general mills™ products, select brands, spend $7 at convenience stores",annies homegrown grocery
annies homegrown grocery,dressings,pantry,"general mills™ products, select varieties, spend $12",annies homegrown grocery
sargento,cheese,dairy,"sargento sliced cheese, spend $25",sargento
sargento,cheese,dairy,"sargento sliced cheese, spend $12",sargento
sargento,cheese,dairy,"sargento® products, select varieties",sargento
sargento,cheese,dairy,"sargento® products, select varieties, buy 3",sargento
sargento,cheese,dairy,"sargento sliced cheese, spend $18",sargento
sargento,cheese,dairy,sargento product,sargento
gatorade,sports drinks,sports drinks & enhanced waters,"gatorade® fast twitch®, 12-ounce 12 pack, at amazon storefront*",amazon
gatorade,sports drinks,sports drinks & enhanced waters,"gatorlyte® or gatorade™ fit single serve bottle, select varieties, buy 2",gatorlyte
gatorade,sports drinks,sports drinks & enhanced waters,"gatorade® fast twitch®, 12-ounce single serve, buy 2 at kroger",fred meyer
gatorade,sports drinks,sports drinks & enhanced waters,"gatorade® fast twitch®, 12-ounce single serve",gatorade
gatorade,sports drinks,sports drinks & enhanced waters,"gatorade® fast twitch®, 12-ounce single serve, at kroger",dillons grocery
gatorade,sports drinks,sports drinks & enhanced waters,"gatorlyte® or gatorade™ fit single serve bottle, select varieties",gatorlyte
gatorade,sports drinks,sports drinks & enhanced waters,"gatorade® fast twitch®, 12-ounce single serve, buy 2 at kroger",food4less
gatorade,medicines & treatments,health & wellness,"gatorade® fast twitch®, 12-ounce 12 pack, at amazon storefront*",amazon
gatorade,medicines & treatments,health & wellness,"gatorlyte® or gatorade™ fit single serve bottle, select varieties, buy 2",gatorlyte
gatorade,medicines & treatments,health & wellness,"gatorade® fast twitch®, 12-ounce single serve, buy 2 at kroger",fred meyer
gatorade,medicines & treatments,health & wellness,"gatorade® fast twitch®, 12-ounce single serve",gatorade
gatorade,medicines & treatments,health & wellness,"gatorade® fast twitch®, 12-ounce single serve, at kroger",dillons grocery
gatorade,medicines & treatments,health & wellness,"gatorlyte® or gatorade™ fit single serve bottle, select varieties",gatorlyte
gatorade,medicines & treatments,health & wellness,"gatorade® fast twitch®, 12-ounce single serve, buy 2 at kroger",food4less
gatorade,meal replacement beverages,beverages,"gatorade® fast twitch®, 12-ounce 12 pack, at amazon storefront*",amazon
gatorade,meal replacement beverages,beverages,"gatorlyte® or gatorade™ fit single serve bottle, select varieties, buy 2",gatorlyte
gatorade,meal replacement beverages,beverages,"gatorade® fast twitch®, 12-ounce single serve, buy 2 at kroger",fred meyer
gatorade,meal replacement beverages,beverages,"gatorade® fast twitch®, 12-ounce single serve",gatorade
gatorade,meal replacement beverages,beverages,"gatorade® fast twitch®, 12-ounce single serve, at kroger",dillons grocery
gatorade,meal replacement beverages,beverages,"gatorlyte® or gatorade™ fit single serve bottle, select varieties",gatorlyte
gatorade,meal replacement beverages,beverages,"gatorade® fast twitch®, 12-ounce single serve, buy 2 at kroger",food4less
cvs,medicines & treatments,health & wellness,spend $10 at cvs,cvs
cvs,medicines & treatments,health & wellness,spend $30 at cvs,cvs
cvs,cooking & baking,pantry,spend $10 at cvs,cvs
cvs,cooking & baking,pantry,spend $30 at cvs,cvs
cvs,fruit juices,beverages,spend $10 at cvs,cvs
cvs,fruit juices,beverages,spend $30 at cvs,cvs
cvs,skin care,health & wellness,spend $10 at cvs,cvs
cvs,skin care,health & wellness,spend $30 at cvs,cvs
aleve,medicines & treatments,health & wellness,alevex™ at walmart,walmart
aleve,medicines & treatments,health & wellness,"aleve® products, select varieties, 80 count+ at walmart",walmart
aleve,medicines & treatments,health & wellness,"aleve® products and alevex™, select varieties, at walmart",walmart
acme,medicines & treatments,health & wellness,shop 2 times at acme,acme
acme,medicines & treatments,health & wellness,spend $90 at acme,acme
acme,medicines & treatments,health & wellness,spend $250 at acme,acme
acme,medicines & treatments,health & wellness,any acme receipt,acme
acme,medicines & treatments,health & wellness,spend $130 at acme,acme
durex,medicines & treatments,health & wellness,"durex® massage & play 2 in 1 pleasure gel, select varieties, at walmart or target",target
durex,sexual health,health & wellness,"durex® massage & play 2 in 1 pleasure gel, select varieties, at walmart or target",target
astepro,medicines & treatments,health & wellness,"children's astepro® allergy, 22 count at dollar general",dollar general store
astepro,medicines & treatments,health & wellness,"adult astepro® allergy, 22 count at dollar general",dollar general store
perfect keto,medicines & treatments,health & wellness,"perfect keto barista blend collagen & mcts, online at amazon",amazon
perfect keto,medicines & treatments,health & wellness,"perfect keto beauty + sleep collagen, online at amazon",amazon
perfect keto,medicines & treatments,health & wellness,"perfect keto bars, online at amazon",amazon
perfect keto,medicines & treatments,health & wellness,"perfect keto collagen peptides, online at amazon",amazon
perfect keto,medicines & treatments,health & wellness,"perfect keto mct oil powder, online at amazon",amazon
perfect keto,medicines & treatments,health & wellness,"perfect keto super reds, online at amazon",amazon
perfect keto,medicines & treatments,health & wellness,"perfect keto exogenous ketones powder, online at amazon",amazon
perfect keto,nuts & seeds,snacks,"perfect keto barista blend collagen & mcts, online at amazon",amazon
perfect keto,nuts & seeds,snacks,"perfect keto beauty + sleep collagen, online at amazon",amazon
perfect keto,nuts & seeds,snacks,"perfect keto bars, online at amazon",amazon
perfect keto,nuts & seeds,snacks,"perfect keto collagen peptides, online at amazon",amazon
perfect keto,nuts & seeds,snacks,"perfect keto mct oil powder, online at amazon",amazon
perfect keto,nuts & seeds,snacks,"perfect keto super reds, online at amazon",amazon
perfect keto,nuts & seeds,snacks,"perfect keto exogenous ketones powder, online at amazon",amazon
flonase,medicines & treatments,health & wellness,"flonase allergy relief, at walmart",walmart
cesar,cooking & baking,pantry,"cesar® wet dog food, spend $20",cesar
cesar,cooking & baking,pantry,cesar® wet dog food singles,cesar
cesar,frozen chicken,frozen meat,"cesar® wet dog food, spend $20",cesar
cesar,frozen chicken,frozen meat,cesar® wet dog food singles,cesar
cesar,sauces & marinades,pantry,"cesar® wet dog food, spend $20",cesar
cesar,sauces & marinades,pantry,cesar® wet dog food singles,cesar
cesar,dog supplies,animals & pet supplies,"cesar® wet dog food, spend $20",cesar
cesar,dog supplies,animals & pet supplies,cesar® wet dog food singles,cesar
simply organic,cooking & baking,pantry,simply organic seasoning mixes or spices,simply organic
simply organic,sauces & marinades,pantry,simply organic seasoning mixes or spices,simply organic
wesson,cooking & baking,pantry,wesson® oil products,wesson
subway,cooking & baking,pantry,spend $10 at subway,subway
subway,cooking & baking,pantry,spend $25 at subway,subway
subway,cooking & baking,pantry,spend $15 at subway,subway
subway,cooking & baking,pantry,spend $35 at subway,subway
burger king,cooking & baking,pantry,spend $15 at burger king,burger king
kradle,cooking & baking,pantry,"kradle, select varieties, spend $20 at walmart",walmart
kradle,cooking & baking,pantry,"kradle, select products, online at chewy.com",chewy
kradle,cooking & baking,pantry,"kradle, select varieties, online at amazon",amazon
kradle,cooking & baking,pantry,"kradle, select varieties, at pet supplies plus",pet supplies plus
kradle,dog supplies,animals & pet supplies,"kradle, select varieties, spend $20 at walmart",walmart
kradle,dog supplies,animals & pet supplies,"kradle, select products, online at chewy.com",chewy
kradle,dog supplies,animals & pet supplies,"kradle, select varieties, online at amazon",amazon
kradle,dog supplies,animals & pet supplies,"kradle, select varieties, at pet supplies plus",pet supplies plus
bjs wholesale,cooking & baking,pantry,sign up for the club card or the club+ card full-priced membership* (new members only),bjs wholesale
caseys general store,cooking & baking,pantry,order from casey's app or caseys.com,caseys general store
caseys general store,cooking & baking,pantry,spend $25 at casey's,caseys general store
caseys general store,cooking & baking,pantry,spend $5 in-store at casey's,caseys general store
caseys general store,cooking & baking,pantry,select beverages and prepared food items at casey's,caseys general store
caseys general store,cooking & baking,pantry,visit or order online from casey's 7 times,caseys general store
caseys general store,cooking & baking,pantry,spend $5 on single-serve prepared food items at casey's,caseys general store
caseys general store,cooking & baking,pantry,12 pack or 2 liter and whole pizza pie at casey's,caseys general store
caseys general store,cooking & baking,pantry,whole pizza at casey's,caseys general store
caseys general store,cooking & baking,pantry,wings or cheesy breadsticks at casey's,caseys general store
caseys general store,cooking & baking,pantry,whole pizza pie at casey's,caseys general store
caseys general store,cooking & baking,pantry,frozen or fountain drink at casey's,caseys general store
caseys general store,cooking & baking,pantry,spend $10 in-store at casey's,caseys general store
caseys general store,cooking & baking,pantry,"fresh bakery item, select varieties, at casey's",caseys general store
caseys general store,cooking & baking,pantry,whole pizza at casey's,caseys general store
caseys general store,cooking & baking,pantry,12 pack or 2 liter and whole pizza at casey's,caseys general store
caseys general store,cooking & baking,pantry,frozen or fountain drink at casey's,caseys general store
caseys general store,cooking & baking,pantry,visit or order online from casey's 3 times,caseys general store
caseys general store,cooking & baking,pantry,visit or order online from casey's 5 times,caseys general store
caseys general store,cooking & baking,pantry,12 pack or 2 liter and whole pizza at casey's,caseys general store
caseys general store,cooking & baking,pantry,whole pizza at casey's,caseys general store
caseys general store,cooking & baking,pantry,"fresh bakery products at casey's, select varieties",caseys general store
caseys general store,cooking & baking,pantry,spend $10 on casey's branded packaged products,caseys general store
caseys general store,cooking & baking,pantry,2 pack or 2 liter and whole pizza at casey's,caseys general store
caseys general store,cooking & baking,pantry,select beverages and prepared food item at casey's,caseys general store
caseys general store,cooking & baking,pantry,"fresh bakery items, select varieties, at casey's",caseys general store
caseys general store,cooking & baking,pantry,spend $5 on brisket mac & cheese sandwich or other single-serve prepared food item,caseys general store
caseys general store,frozen pizza & pizza snacks,frozen,order from casey's app or caseys.com,caseys general store
caseys general store,frozen pizza & pizza snacks,frozen,spend $25 at casey's,caseys general store
caseys general store,frozen pizza & pizza snacks,frozen,spend $5 in-store at casey's,caseys general store
caseys general store,frozen pizza & pizza snacks,frozen,select beverages and prepared food items at casey's,caseys general store
caseys general store,frozen pizza & pizza snacks,frozen,visit or order online from casey's 7 times,caseys general store
caseys general store,frozen pizza & pizza snacks,frozen,spend $5 on single-serve prepared food items at casey's,caseys general store
caseys general store,frozen pizza & pizza snacks,frozen,12 pack or 2 liter and whole pizza pie at casey's,caseys general store
caseys general store,frozen pizza & pizza snacks,frozen,whole pizza at casey's,caseys general store
caseys general store,frozen pizza & pizza snacks,frozen,wings or cheesy breadsticks at casey's,caseys general store
caseys general store,frozen pizza & pizza snacks,frozen,whole pizza pie at casey's,caseys general store
caseys general store,frozen pizza & pizza snacks,frozen,frozen or fountain drink at casey's,caseys general store
caseys general store,frozen pizza & pizza snacks,frozen,spend $10 in-store at casey's,caseys general store
caseys general store,frozen pizza & pizza snacks,frozen,"fresh bakery item, select varieties, at casey's",caseys general store
caseys general store,frozen pizza & pizza snacks,frozen,whole pizza at casey's,caseys general store
caseys general store,frozen pizza & pizza snacks,frozen,12 pack or 2 liter and whole pizza at casey's,caseys general store
caseys general store,frozen pizza & pizza snacks,frozen,frozen or fountain drink at casey's,caseys general store
caseys general store,frozen pizza & pizza snacks,frozen,visit or order online from casey's 3 times,caseys general store
caseys general store,frozen pizza & pizza snacks,frozen,visit or order online from casey's 5 times,caseys general store
caseys general store,frozen pizza & pizza snacks,frozen,12 pack or 2 liter and whole pizza at casey's,caseys general store
caseys general store,frozen pizza & pizza snacks,frozen,whole pizza at casey's,caseys general store
caseys general store,frozen pizza & pizza snacks,frozen,"fresh bakery products at casey's, select varieties",caseys general store
caseys general store,frozen pizza & pizza snacks,frozen,spend $10 on casey's branded packaged products,caseys general store
caseys general store,frozen pizza & pizza snacks,frozen,2 pack or 2 liter and whole pizza at casey's,caseys general store
caseys general store,frozen pizza & pizza snacks,frozen,select beverages and prepared food item at casey's,caseys general store
caseys general store,frozen pizza & pizza snacks,frozen,"fresh bakery items, select varieties, at casey's",caseys general store
caseys general store,frozen pizza & pizza snacks,frozen,spend $5 on brisket mac & cheese sandwich or other single-serve prepared food item,caseys general store
bio oil,cooking & baking,pantry,"bio-oil® skincare oil or gel, select varieties",bio-oil
bio oil,cooking & baking,pantry,"bio-oil® products, select varieties",bio-oil
bio oil,skin care,health & wellness,"bio-oil® skincare oil or gel, select varieties",bio-oil
bio oil,skin care,health & wellness,"bio-oil® products, select varieties",bio-oil
star market,cooking & baking,pantry,spend $90 at star market,star market
star market,cooking & baking,pantry,shop 2 times at star market,star market
star market,cooking & baking,pantry,spend $120 at star market,star market
star market,cooking & baking,pantry,spend $220 at star market,star market
star market,cooking & baking,pantry,any star market receipt,star market
shaws,cooking & baking,pantry,spend $140 at shaws,shaws
shaws,cooking & baking,pantry,spend $185 at shaws,shaws
shaws,cooking & baking,pantry,shop 2 times at shaw's,shaws
shaws,cooking & baking,pantry,any shaw's receipt,shaws
shaws,cooking & baking,pantry,spend $300 at shaws,shaws
blue apron,cooking & baking,pantry,blue apron meal kits,blue apron
pavilions,cooking & baking,pantry,spend $155 at pavilions,pavilions
pavilions,cooking & baking,pantry,shop 2 times at pavilions,pavilions
pavilions,cooking & baking,pantry,spend $100 at pavilions,pavilions
pavilions,cooking & baking,pantry,any pavilions receipt,pavilions
pavilions,cooking & baking,pantry,spend $270 at pavilions,pavilions
bays,bread,pantry,bays® english muffins,bays
rustik oven,bread,pantry,the rustik oven® bread,the rustik oven
country crock plant butter,nut butters & jam,pantry,country crock® plant based butter at walmart,walmart
country crock plant butter,nut butters & jam,pantry,country crock® plant based cream at walmart,walmart
butterball,nut butters & jam,pantry,"butterball, select varieties, spend $10 at dillons food store",dillons food store
butterball,nut butters & jam,pantry,"butterball, select varieties, spend $10 at ralphs",ralphs
butterball,nut butters & jam,pantry,"butterball, select varieties, spend $10 at ruler foods",ruler foods
butterball,nut butters & jam,pantry,"butterball, select varieties, spend $10 at king soopers",king soopers
butterball,nut butters & jam,pantry,"butterball, select varieties, spend $10 at fred meyer",fred meyer
butterball,nut butters & jam,pantry,"butterball, select varieties, spend $10 at kroger",kroger
butterball,nut butters & jam,pantry,"butterball, select varieties, spend $10 at smith's",smiths
butterball,nut butters & jam,pantry,"butterball, select varieties, spend $10 at food 4 less",food4less
butterball,nut butters & jam,pantry,"butterball, select varieties, spend $10 at fry's food store",frys food store
butterball,nut butters & jam,pantry,"butterball, select varieties, spend $10 at qfc",qfc
butterball,nut butters & jam,pantry,"butterball, select varieties, spend $10 at mariano's",marianos
butterball,nut butters & jam,pantry,"butterball, select varieties, spend $10 at pick 'n save or metro market",pick n save
butterball,frozen turkey,frozen meat,"butterball, select varieties, spend $10 at dillons food store",dillons food store
butterball,frozen turkey,frozen meat,"butterball, select varieties, spend $10 at ralphs",ralphs
butterball,frozen turkey,frozen meat,"butterball, select varieties, spend $10 at ruler foods",ruler foods
butterball,frozen turkey,frozen meat,"butterball, select varieties, spend $10 at king soopers",king soopers
butterball,frozen turkey,frozen meat,"butterball, select varieties, spend $10 at fred meyer",fred meyer
butterball,frozen turkey,frozen meat,"butterball, select varieties, spend $10 at kroger",kroger
butterball,frozen turkey,frozen meat,"butterball, select varieties, spend $10 at smith's",smiths
butterball,frozen turkey,frozen meat,"butterball, select varieties, spend $10 at food 4 less",food4less
butterball,frozen turkey,frozen meat,"butterball, select varieties, spend $10 at fry's food store",frys food store
butterball,frozen turkey,frozen meat,"butterball, select varieties, spend $10 at qfc",qfc
butterball,frozen turkey,frozen meat,"butterball, select varieties, spend $10 at mariano's",marianos
butterball,frozen turkey,frozen meat,"butterball, select varieties, spend $10 at pick 'n save or metro market",pick n save
ben and jerrys,frozen desserts,frozen,"ben & jerry's frozen creme brulee non dairy dessert, 16 ounce",ben and jerrys
ben and jerrys,frozen desserts,frozen,"ben & jerry's® doggie desserts, 4 count",ben & jerrys
ben and jerrys,frozen desserts,frozen,"ben & jerry's frozen sugar cookie dough chunks, 8 ounce",ben and jerrys
ben and jerrys,frozen desserts,frozen,"ben & jerry's®, select varieties",ben & jerrys
ben and jerrys,frozen desserts,frozen,"ben & jerry's®, select varieties, spend $12",ben & jerrys
ben and jerrys,frozen desserts,frozen,"ben & jerry's® doggie desserts, 4 ounce, buy 2",ben & jerrys
ben and jerrys,frozen desserts,frozen,"ben & jerry's wake & no bake cookie dough ice cream, 16 ounce",ben and jerrys
ben and jerrys,frozen desserts,frozen,ben & jerry's® churray for churros™ ice cream,ben & jerrys
breyers,frozen desserts,frozen,"breyers reese's ice cream, select varieties, at giant or martin’s",martins foods
breyers,frozen breads & doughs,frozen,"breyers reese's ice cream, select varieties, at giant or martin’s",martins foods
klondike,frozen desserts,frozen,"reese's chocolate cones, 8 count at giant or martin’s",martins foods
klondike,frozen desserts,frozen,"reese's chocolate cones, 8 count at giant or martin’s",giant food
klondike,frozen desserts,frozen,"klondike cones, spend $10 at walmart",walmart
klondike,frozen desserts,frozen,klondike cones at walmart,walmart
klondike,frozen meals,frozen,"reese's chocolate cones, 8 count at giant or martin’s",martins foods
klondike,frozen meals,frozen,"reese's chocolate cones, 8 count at giant or martin’s",giant food
klondike,frozen meals,frozen,"klondike cones, spend $10 at walmart",walmart
klondike,frozen meals,frozen,klondike cones at walmart,walmart
talenti,frozen desserts,frozen,talenti mini bars,talenti
talenti,frozen meals,frozen,talenti mini bars,talenti
magnum ice cream,frozen desserts,frozen,"magnum non-dairy hazelnut crunch ice cream bars, 3 count",magnum ice cream
haagen dazs,frozen desserts,frozen,"häagen-dazs®, 28 ounce, at grocery* stores",häagen-dazs
frutero,frozen desserts,frozen,"frutero ice cream, 1 pint",frutero
frutero,frozen fruits,frozen,"frutero ice cream, 1 pint",frutero
bai,fruit juices,beverages,"bai® antioxidant, 6 pack, buy 2 at walmart",walmart
bai,fruit juices,beverages,"bai® antioxidant, 6 pack, at walmart",walmart
bai,tea,beverages,"bai® antioxidant, 6 pack, buy 2 at walmart",walmart
bai,tea,beverages,"bai® antioxidant, 6 pack, at walmart",walmart
bai,water,beverages,"bai® antioxidant, 6 pack, buy 2 at walmart",walmart
bai,water,beverages,"bai® antioxidant, 6 pack, at walmart",walmart
bai,drink mixes,beverages,"bai® antioxidant, 6 pack, buy 2 at walmart",walmart
bai,drink mixes,beverages,"bai® antioxidant, 6 pack, at walmart",walmart
cheerios,"cereal, granola, & toaster pastries",pantry,cheerios™ oat crunch berry cereal,cheerios
ratio,"cereal, granola, & toaster pastries",pantry,:ratio™ keto* friendly cereal or granola,ratio
ratio,yogurt,dairy,:ratio™ keto* friendly cereal or granola,ratio
ratio,nuts & seeds,snacks,:ratio™ keto* friendly cereal or granola,ratio
kodiak cakes flapjack & waffle mix,"cereal, granola, & toaster pastries",pantry,"kodiak® products, select varieties, spend $10",kodiak
wonderworks,"cereal, granola, & toaster pastries",pantry,wonderworks™ keto* friendly cereal,wonderworks
rao's,dry pasta,pasta & noodles,"michael angelo's® or rao's® frozen entrees, spend $10",michael angelos
rao's,dry pasta,pasta & noodles,rao's® frozen pizza,raos
rao's,dry pasta,pasta & noodles,"rao's®, pasta or sauce, spend $10",raos
rao's,sauces & marinades,pantry,"michael angelo's® or rao's® frozen entrees, spend $10",michael angelos
rao's,sauces & marinades,pantry,rao's® frozen pizza,raos
rao's,sauces & marinades,pantry,"rao's®, pasta or sauce, spend $10",raos
rao's,frozen pizza & pizza snacks,frozen,"michael angelo's® or rao's® frozen entrees, spend $10",michael angelos
rao's,frozen pizza & pizza snacks,frozen,rao's® frozen pizza,raos
rao's,frozen pizza & pizza snacks,frozen,"rao's®, pasta or sauce, spend $10",raos
rao's,red pasta sauce,pasta sauce,"michael angelo's® or rao's® frozen entrees, spend $10",michael angelos
rao's,red pasta sauce,pasta sauce,rao's® frozen pizza,raos
rao's,red pasta sauce,pasta sauce,"rao's®, pasta or sauce, spend $10",raos
rao's,frozen meals,frozen,"michael angelo's® or rao's® frozen entrees, spend $10",michael angelos
rao's,frozen meals,frozen,rao's® frozen pizza,raos
rao's,frozen meals,frozen,"rao's®, pasta or sauce, spend $10",raos
rao's,alfredo & white pasta sauce,pasta sauce,"michael angelo's® or rao's® frozen entrees, spend $10",michael angelos
rao's,alfredo & white pasta sauce,pasta sauce,rao's® frozen pizza,raos
rao's,alfredo & white pasta sauce,pasta sauce,"rao's®, pasta or sauce, spend $10",raos
rao's,pasta & noodles,pantry,"michael angelo's® or rao's® frozen entrees, spend $10",michael angelos
rao's,pasta & noodles,pantry,rao's® frozen pizza,raos
rao's,pasta & noodles,pantry,"rao's®, pasta or sauce, spend $10",raos
cooked perfect,frozen chicken,frozen meat,"cooked perfect® meatballs, at walmart",walmart
cooked perfect,frozen chicken,frozen meat,"cooked perfect® meatballs, homestyle or turkey, at walmart",walmart
core hydration,water,beverages,"core® hydration, select varieties, at walmart",walmart
core hydration,water,beverages,"core® hydration, select varieties, buy 2 at walmart",walmart
beechnut,nuts & seeds,snacks,"beech-nut snacks, select varieties",beechnut
beechnut,nuts & seeds,snacks,"beech-nut pouches, buy 8",beechnut
beechnut,fruit & vegetable snacks,snacks,"beech-nut snacks, select varieties",beechnut
beechnut,fruit & vegetable snacks,snacks,"beech-nut pouches, buy 8",beechnut
beechnut,crackers,snacks,"beech-nut snacks, select varieties",beechnut
beechnut,crackers,snacks,"beech-nut pouches, buy 8",beechnut
beechnut,cookies,snacks,"beech-nut snacks, select varieties",beechnut
beechnut,cookies,snacks,"beech-nut pouches, buy 8",beechnut
welchs fruit snacks,fruit & vegetable snacks,snacks,"welch's®fruit snacks, select varieties, buy 2",welchs
welchs fruit snacks,fruit & vegetable snacks,snacks,"welch's® zero sugar fruity bites, 6 pack+, online at amazon",amazon
welchs fruit snacks,fruit & vegetable snacks,snacks,"welch's® fruit snacks, select varieties, 6 count+, buy 3",welchs
welchs fruit snacks,fruit & vegetable snacks,snacks,"welch's® fruit snacks, 250 count, online at amazon",amazon
welchs fruit snacks,fruit & vegetable snacks,snacks,"welch's® juicefuls® juicy fruit snacks, 14 count, at target",target
welchs fruit snacks,fruit & vegetable snacks,snacks,"welch's® fruit snacks, select varieties, 6 count+, buy 2",welchs
welchs fruit snacks,fruit & vegetable snacks,snacks,"welch's®fruit snacks, spend $8",welchs
welchs fruit snacks,fruit & vegetable snacks,snacks,"welch's® fruit 'n yogurt® snacks, 18 count, at walmart",walmart
welchs fruit snacks,fruit & vegetable snacks,snacks,"welch's® fruit snacks, select varieties, 6 count+",welchs
welchs fruit snacks,fruit & vegetable snacks,snacks,"welch's® juicefuls® juicy fruit snacks, buy 2",welchs
simply spiked,malt beverages,alcohol,simply spiked™ lemonade 12 pack+,simply spiked
simply spiked,malt beverages,alcohol,"simply spiked™ signature peach 12-pack or larger, buy 2",simply spiked
simply spiked,malt beverages,alcohol,simply spiked™ 12 pack+,simply spiked
simply spiked,malt beverages,alcohol,simply spiked™ signature peach 12 pack+,simply spiked
simply spiked,"hard seltzers, sodas, waters, lemonades & teas",alcohol,simply spiked™ lemonade 12 pack+,simply spiked
simply spiked,"hard seltzers, sodas, waters, lemonades & teas",alcohol,"simply spiked™ signature peach 12-pack or larger, buy 2",simply spiked
simply spiked,"hard seltzers, sodas, waters, lemonades & teas",alcohol,simply spiked™ 12 pack+,simply spiked
simply spiked,"hard seltzers, sodas, waters, lemonades & teas",alcohol,simply spiked™ signature peach 12 pack+,simply spiked
vizzy,malt beverages,alcohol,"coors light®, miller lite® or vizzy™ 12 pack+",coors light
vizzy,malt beverages,alcohol,"coors light®, miller lite® or vizzy™ 12 packs+, buy 4",coors light
vizzy,malt beverages,alcohol,"coors light®, miller lite® or vizzy™ 12 packs+, buy 2",coors light
vizzy,malt beverages,alcohol,"coors light®, miller lite® or vizzy™ 12 packs+, buy 3",coors light
vizzy,malt beverages,alcohol,"coors light®, miller lite® or vizzy™ 12 packs+, buy 5",coors light
vizzy,"hard seltzers, sodas, waters, lemonades & teas",alcohol,"coors light®, miller lite® or vizzy™ 12 pack+",coors light
vizzy,"hard seltzers, sodas, waters, lemonades & teas",alcohol,"coors light®, miller lite® or vizzy™ 12 packs+, buy 4",coors light
vizzy,"hard seltzers, sodas, waters, lemonades & teas",alcohol,"coors light®, miller lite® or vizzy™ 12 packs+, buy 2",coors light
vizzy,"hard seltzers, sodas, waters, lemonades & teas",alcohol,"coors light®, miller lite® or vizzy™ 12 packs+, buy 3",coors light
vizzy,"hard seltzers, sodas, waters, lemonades & teas",alcohol,"coors light®, miller lite® or vizzy™ 12 packs+, buy 5",coors light
colgate toothbrushes,oral care,health & wellness,"colgate® toothpaste and colgate® toothbrush, select varieties at walmart or target",target
sir kensingtons,sauces & marinades,pantry,"sir kensington's® condiments, buy 2",sir kensingtons
sir kensingtons,sauces & marinades,pantry,sir kensington's® condiments,sir kensingtons
sir kensingtons,condiments,pantry,"sir kensington's® condiments, buy 2",sir kensingtons
sir kensingtons,condiments,pantry,sir kensington's® condiments,sir kensingtons
sir kensingtons,dressings,pantry,"sir kensington's® condiments, buy 2",sir kensingtons
sir kensingtons,dressings,pantry,sir kensington's® condiments,sir kensingtons
hellmanns best foods,sauces & marinades,pantry,hellmann's® or best foods® garlic aioli or spicy mayonnaise,hellmanns
hellmanns best foods,sauces & marinades,pantry,hellmann's® or best foods® and sargento® cheese slices,hellmanns
hellmanns best foods,sauces & marinades,pantry,hellmann's | best foods vegan dressing or spread,hellmanns best foods
hellmanns best foods,condiments,pantry,hellmann's® or best foods® garlic aioli or spicy mayonnaise,hellmanns
hellmanns best foods,condiments,pantry,hellmann's® or best foods® and sargento® cheese slices,hellmanns
hellmanns best foods,condiments,pantry,hellmann's | best foods vegan dressing or spread,hellmanns best foods
hellmanns best foods,dressings,pantry,hellmann's® or best foods® garlic aioli or spicy mayonnaise,hellmanns
hellmanns best foods,dressings,pantry,hellmann's® or best foods® and sargento® cheese slices,hellmanns
hellmanns best foods,dressings,pantry,hellmann's | best foods vegan dressing or spread,hellmanns best foods
michael angelo's,sauces & marinades,pantry,michael angelo's® sauce at walmart,walmart
michael angelo's,frozen meals,frozen,michael angelo's® sauce at walmart,walmart
degree,deodorant & antiperspirant,health & wellness,degree for men or women dry spray,degree
topo chico hard seltzer,"hard seltzers, sodas, waters, lemonades & teas",alcohol,"molson coors®, select varieties, 12 pack+, buy 2",molson coors
loreal paris hair color,hair care,health & wellness,"l'oréal paris hair color, select varieties, spend $19 at target",target
loreal paris hair color,hair care,health & wellness,"l'oréal paris men expert hair color, spend $19 at walmart",walmart
loreal paris hair color,hair care,health & wellness,"l’oréal paris men expert hair color, spend $9 at walmart",walmart
loreal paris hair color,hair care,health & wellness,l'oréal paris excellence hair color at target,target
loreal paris hair color,hair care,health & wellness,"l'oréal paris hair color, select varieties, spend $25 at target",target
loreal paris hair color,hair care,health & wellness,"l'oréal paris hair color, select varieties, spend $9 at target",target
ball park frank,packaged meat,pantry,"tyson products, select varieties, spend $20 at sam's club",sams club
ball park frank,frozen beef,frozen meat,"tyson products, select varieties, spend $20 at sam's club",sams club
aidells,packaged meat,pantry,"tyson products, select varieties, spend $15 at walmart",walmart
beyond meat,packaged meat,pantry,"beyond meat® plant-based products, spend $25",beyond meat
beyond meat,packaged meat,pantry,"beyond steak™ plant-based seared tips, 10 ounce at target",target
beyond meat,packaged meat,pantry,"beyond steak™ plant-based seared tips, 10 ounce, buy 2 at h-e-b",h-e-b
beyond meat,packaged meat,pantry,"beyond steak™ plant-based seared tips, 10 ounce at h-e-b",h-e-b
beyond meat,packaged meat,pantry,"beyond steak™ plant-based seared tips, 10 ounce, buy 2 at target",target
beyond meat,packaged meat,pantry,"beyond meat® plant-based products, spend $15",beyond meat
beyond meat,packaged meat,pantry,"beyond meat® plant-based products, spend $20",beyond meat
beyond meat,plant-based meat,meat & seafood,"beyond meat® plant-based products, spend $25",beyond meat
beyond meat,plant-based meat,meat & seafood,"beyond steak™ plant-based seared tips, 10 ounce at target",target
beyond meat,plant-based meat,meat & seafood,"beyond steak™ plant-based seared tips, 10 ounce, buy 2 at h-e-b",h-e-b
beyond meat,plant-based meat,meat & seafood,"beyond steak™ plant-based seared tips, 10 ounce at h-e-b",h-e-b
beyond meat,plant-based meat,meat & seafood,"beyond steak™ plant-based seared tips, 10 ounce, buy 2 at target",target
beyond meat,plant-based meat,meat & seafood,"beyond meat® plant-based products, spend $15",beyond meat
beyond meat,plant-based meat,meat & seafood,"beyond meat® plant-based products, spend $20",beyond meat
beyond meat,frozen plant-based meat,frozen,"beyond meat® plant-based products, spend $25",beyond meat
beyond meat,frozen plant-based meat,frozen,"beyond steak™ plant-based seared tips, 10 ounce at target",target
beyond meat,frozen plant-based meat,frozen,"beyond steak™ plant-based seared tips, 10 ounce, buy 2 at h-e-b",h-e-b
beyond meat,frozen plant-based meat,frozen,"beyond steak™ plant-based seared tips, 10 ounce at h-e-b",h-e-b
beyond meat,frozen plant-based meat,frozen,"beyond steak™ plant-based seared tips, 10 ounce, buy 2 at target",target
beyond meat,frozen plant-based meat,frozen,"beyond meat® plant-based products, spend $15",beyond meat
beyond meat,frozen plant-based meat,frozen,"beyond meat® plant-based products, spend $20",beyond meat
extra,gum,candy,"extra®, select varieties",extra
extra,gum,candy,"extra®, select sizes",extra
orbit,gum,candy,"orbit®, select sizes, buy 1",orbit
orbit,gum,candy,"orbit®, select varieties",orbit
5 gum,gum,candy,"respawn® by 5® gum, at walmart",walmart
emmys pop up,cookies,snacks,emmy's organics® cookies or brownie snaps,emmys organics
jack links,jerky & dried meat,snacks,"jack link's®, select varieties",jack links
gortons,jerky & dried meat,snacks,"gorton's, at select retailers",shop rite
gortons,jerky & dried meat,snacks,"gorton's air fried butterfly shrimp, at walmart",walmart
gortons,jerky & dried meat,snacks,"gorton's, at select retailers",stop & shop
gortons,jerky & dried meat,snacks,gorton's at select retailers,stop & shop
gortons,jerky & dried meat,snacks,gorton's at select retailers,walmart
gortons,frozen meals,frozen,"gorton's, at select retailers",shop rite
gortons,frozen meals,frozen,"gorton's air fried butterfly shrimp, at walmart",walmart
gortons,frozen meals,frozen,"gorton's, at select retailers",stop & shop
gortons,frozen meals,frozen,gorton's at select retailers,stop & shop
gortons,frozen meals,frozen,gorton's at select retailers,walmart
gortons,frozen seafood,frozen meat,"gorton's, at select retailers",shop rite
gortons,frozen seafood,frozen meat,"gorton's air fried butterfly shrimp, at walmart",walmart
gortons,frozen seafood,frozen meat,"gorton's, at select retailers",stop & shop
gortons,frozen seafood,frozen meat,gorton's at select retailers,stop & shop
gortons,frozen seafood,frozen meat,gorton's at select retailers,walmart
purex,laundry supplies,household supplies,"purex® laundry detergent, select varieties, at walmart",walmart
promised land dairy,milk,dairy,"promised land dairy milk, 52-ounce",promised land dairy
egglife,eggs,dairy,egglife egg white wraps at aldi,aldi
back to the roots,packaged meals & sides,pantry,"back to the roots grow seed starting pots or germination trays, at walmart or target",target
back to the roots,packaged meals & sides,pantry,"back to the roots soils, select varieties and sizes, at walmart",walmart
back to the roots,packaged meals & sides,pantry,"back to the roots dry plant food, 5 pounds, at the home depot",the home depot
back to the roots,packaged meals & sides,pantry,"back to the roots garden soil, 1 cubic foot, at lowe's home improvement",lowes home improvement
back to the roots,packaged meals & sides,pantry,"back to the roots raised bed gardening kit with soil, seeds and plant food, at target",target
back to the roots,packaged meals & sides,pantry,back to the roots microgreens grow kit or seed refill at walmart,walmart
back to the roots,packaged meals & sides,pantry,"back to the roots soils, select varieties and sizes, at lowes",lowes home improvement
back to the roots,packaged meals & sides,pantry,"back to the roots soils, select varieties, at walmart or lowes",lowes home improvement
back to the roots,packaged meals & sides,pantry,back to the roots grow kits at walmart or the home depot,walmart
back to the roots,packaged meals & sides,pantry,back to the roots grow hydroponic grow kit or refill bundle at walmart,walmart
back to the roots,packaged meals & sides,pantry,"back to the roots seeds, at walmart",walmart
back to the roots,packaged meals & sides,pantry,"back to the roots organic kits and planters, at target",target
back to the roots,packaged meals & sides,pantry,"back to the roots potting mix, 1 cubic foot, at lowe's home improvement",lowes home improvement
back to the roots,packaged meals & sides,pantry,"back to the roots organic 3-in-1 seed starting mix 12 quart, at walmart or target",target
back to the roots,packaged meals & sides,pantry,"back to the roots soils, select varieties, at walmart",walmart
